ID,Nombre
101,Camila Rodríguez
102,Juan Pérez
103,Alejandro Gómez
104,Mariana Torres
105,Luis Hernández
106,Sofía Ramírez
107,Daniela Martínez
108,Andrés Sánchez
109,Laura Herrera
110,Fernando Castro
111,Valentina Díaz
112,Carlos Morales
113,Andrea Romero
114,Santiago Flores
115,Natalia Vargas
116,Luis Medina
117,Ana Torres
118,Javier Ruiz
119,Isabella Gómez
120,David Jiménez
121,Paula Castillo
122,Esteban Castro
123,Renata Pereira
124,Hugo Pardo
125,Julia Rojas
126,Diego Arango
127,María Delgado
128,Simón Vélez
129,Lucía Montoya
130,Sebastián Sierra
